{"graph_0": {"_type": "graph-file", "path": "media/graph/graph_0_summary_ff71f4f27b857ce3b5c5.graph.json", "sha256": "ff71f4f27b857ce3b5c5aa0bfefaf677329405c7432d843534eb5c0e7ccd6bd8", "size": 750}, "train_loss": 0.002535673324018717, "_runtime": 46, "_timestamp": 1624447861, "_step": 6199, "val_loss": 0.0030410487670451403, "gradients/module.fc4.bias": {"_type": "histogram", "values": [0.0, 0.0, 0.0, 0.0, 0.0, 0.0, 0.0, 0.0, 0.0, 0.0, 0.0, 0.0, 0.0, 0.0, 0.0, 0.0, 0.0, 0.0, 0.0, 0.0, 0.0, 0.0, 0.0, 0.0, 0.0, 0.0, 0.0, 0.0, 0.0, 0.0, 0.0, 0.0, 1.0, 0.0, 0.0, 0.0, 0.0, 0.0, 0.0, 0.0, 0.0, 0.0, 0.0, 0.0, 0.0, 0.0, 0.0, 0.0, 0.0, 0.0, 0.0, 0.0, 0.0, 0.0, 0.0, 0.0, 0.0, 0.0, 0.0, 0.0, 0.0, 0.0, 0.0, 0.0], "bins": [-0.0023741798941046, -0.0023741798941046, -0.0023741798941046, -0.0023741798941046, -0.0023741798941046, -0.0023741798941046, -0.0023741798941046, -0.0023741798941046, -0.0023741798941046, -0.0023741798941046, -0.0023741798941046, -0.0023741798941046, -0.0023741798941046, -0.0023741798941046, -0.0023741798941046, -0.0023741798941046, -0.0023741798941046, -0.0023741798941046, -0.0023741798941046, -0.0023741798941046, -0.0023741798941046, -0.0023741798941046, -0.0023741798941046, -0.0023741798941046, -0.0023741798941046, -0.0023741798941046, -0.0023741798941046, -0.0023741798941046, -0.0023741798941046, -0.0023741798941046, -0.0023741798941046, -0.0023741798941046, -0.0023741798941046, -0.0023741798941046, -0.0023741798941046, -0.0023741798941046, -0.0023741798941046, -0.0023741798941046, -0.0023741798941046, -0.0023741798941046, -0.0023741798941046, -0.0023741798941046, -0.0023741798941046, -0.0023741798941046, -0.0023741798941046, -0.0023741798941046, -0.0023741798941046, -0.0023741798941046, -0.0023741798941046, -0.0023741798941046, -0.0023741798941046, -0.0023741798941046, -0.0023741798941046, -0.0023741798941046, -0.0023741798941046, -0.0023741798941046, -0.0023741798941046, -0.0023741798941046, -0.0023741798941046, -0.0023741798941046, -0.0023741798941046, -0.0023741798941046, -0.0023741798941046, -0.0023741798941046, -0.0023741798941046]}, "gradients/module.fc4.weight": {"_type": "histogram", "values": [1.0, 0.0, 0.0, 0.0, 0.0, 0.0, 0.0, 0.0, 0.0, 0.0, 0.0, 0.0, 0.0, 0.0, 0.0, 0.0, 0.0, 0.0, 0.0, 0.0, 0.0, 0.0, 0.0, 0.0, 0.0, 0.0, 0.0, 0.0, 0.0, 0.0, 0.0, 0.0, 0.0, 0.0, 0.0, 0.0, 0.0, 0.0, 0.0, 0.0, 0.0, 0.0, 0.0, 0.0, 0.0, 0.0, 0.0, 0.0, 0.0, 0.0, 0.0, 0.0, 1.0, 1.0, 1.0, 0.0, 0.0, 0.0, 0.0, 0.0, 0.0, 0.0, 0.0, 1.0], "bins": [5.378068635764066e-06, 5.393617357185576e-06, 5.409166078607086e-06, 5.424714345281245e-06, 5.440263066702755e-06, 5.455811788124265e-06, 5.471360509545775e-06, 5.486908776219934e-06, 5.502457497641444e-06, 5.518006219062954e-06, 5.533554940484464e-06, 5.549103207158623e-06, 5.564651928580133e-06, 5.580200650001643e-06, 5.595749371423153e-06, 5.611297638097312e-06, 5.626846359518822e-06, 5.642395080940332e-06, 5.657943802361842e-06, 5.673492069036001e-06, 5.689040790457511e-06, 5.704589511879021e-06, 5.720138233300531e-06, 5.73568649997469e-06, 5.7512352213962e-06, 5.76678394281771e-06, 5.78233266423922e-06, 5.797880930913379e-06, 5.813429652334889e-06, 5.828978373756399e-06, 5.844527095177909e-06, 5.8600753618520685e-06, 5.8756240832735784e-06, 5.891172804695088e-06, 5.906721526116598e-06, 5.9222697927907575e-06, 5.9378185142122675e-06, 5.9533672356337775e-06, 5.9689159570552874e-06, 5.9844642237294465e-06, 6.000013399898307e-06, 6.015562121319817e-06, 6.031110842741327e-06, 6.0466591094154865e-06, 6.0622078308369964e-06, 6.077756552258506e-06, 6.093305273680016e-06, 6.1088535403541755e-06, 6.1244022617756855e-06, 6.1399509831971955e-06, 6.1554997046187054e-06, 6.1710479712928645e-06, 6.1865966927143745e-06, 6.2021454141358845e-06, 6.2176941355573945e-06, 6.2332424022315536e-06, 6.2487911236530636e-06, 6.2643398450745735e-06, 6.2798885664960835e-06, 6.295436833170243e-06, 6.310985554591753e-06, 6.3265342760132626e-06, 6.3420829974347726e-06, 6.357631264108932e-06, 6.373179985530442e-06]}, "gradients/module.fc3.bias": {"_type": "histogram", "values": [1.0, 0.0, 0.0, 0.0, 0.0, 0.0, 0.0, 0.0, 0.0, 0.0, 0.0, 0.0, 0.0, 0.0, 0.0, 0.0, 0.0, 0.0, 0.0, 0.0, 0.0, 0.0, 0.0, 0.0, 0.0, 0.0, 0.0, 0.0, 0.0, 0.0, 0.0, 0.0, 0.0, 0.0, 0.0, 0.0, 0.0, 0.0, 0.0, 0.0, 0.0, 0.0, 0.0, 0.0, 0.0, 0.0, 0.0, 0.0, 0.0, 0.0, 0.0, 0.0, 0.0, 0.0, 0.0, 0.0, 0.0, 1.0, 0.0, 1.0, 0.0, 0.0, 0.0, 2.0], "bins": [-2.9113010668879724e-07, -2.8871224344584334e-07, -2.8629438020288944e-07, -2.8387651695993554e-07, -2.814586252952722e-07, -2.790407620523183e-07, -2.766228988093644e-07, -2.742050355664105e-07, -2.717871723234566e-07, -2.693693090805027e-07, -2.669514458375488e-07, -2.645335825945949e-07, -2.621156909299316e-07, -2.596978276869777e-07, -2.572799644440238e-07, -2.548621012010699e-07, -2.52444237958116e-07, -2.500263747151621e-07, -2.476085114722082e-07, -2.451906482292543e-07, -2.4277275656459096e-07, -2.4035489332163706e-07, -2.3793703007868316e-07, -2.3551916683572927e-07, -2.3310130359277537e-07, -2.3068344034982147e-07, -2.2826556289601285e-07, -2.2584769965305895e-07, -2.2342983641010505e-07, -2.2101197316715115e-07, -2.1859409571334254e-07, -2.1617623247038864e-07, -2.1375836922743474e-07, -2.1134050598448084e-07, -2.0892262853067223e-07, -2.0650476528771833e-07, -2.0408690204476443e-07, -2.0166903880181053e-07, -1.9925116134800192e-07, -1.9683329810504802e-07, -1.9441543486209412e-07, -1.9199757161914022e-07, -1.895796941653316e-07, -1.871618309223777e-07, -1.847439676794238e-07, -1.823261044364699e-07, -1.799082269826613e-07, -1.774903637397074e-07, -1.7507248628589878e-07, -1.7265462304294488e-07, -1.7023674558913626e-07, -1.6781888234618236e-07, -1.6540101910322846e-07, -1.6298315586027456e-07, -1.6056527840646595e-07, -1.5814741516351205e-07, -1.5572955192055815e-07, -1.5331168867760425e-07, -1.5089381122379564e-07, -1.4847594798084174e-07, -1.4605808473788784e-07, -1.4364022149493394e-07, -1.4122234404112533e-07, -1.3880448079817143e-07, -1.3638661755521753e-07]}, "gradients/module.fc3.weight": {"_type": "histogram", "values": [1.0, 0.0, 0.0, 0.0, 1.0, 0.0, 0.0, 2.0, 0.0, 1.0, 2.0, 0.0, 0.0, 0.0, 0.0, 1.0, 2.0, 0.0, 1.0, 3.0, 1.0, 1.0, 1.0, 0.0, 4.0, 0.0, 1.0, 1.0, 0.0, 0.0, 1.0, 2.0, 0.0, 3.0, 4.0, 4.0, 6.0, 4.0, 7.0, 4.0, 5.0, 13.0, 7.0, 14.0, 8.0, 9.0, 5.0, 1.0, 4.0, 0.0, 2.0, 0.0, 0.0, 2.0, 2.0, 0.0, 0.0, 0.0, 0.0, 1.0, 0.0, 5.0, 4.0, 255.0], "bins": [-9.803568445931887e-07, -9.65038793765416e-07, -9.497206860942242e-07, -9.344026352664514e-07, -9.190845275952597e-07, -9.037664767674869e-07, -8.884483690962952e-07, -8.731303182685224e-07, -8.578122105973307e-07, -8.424941597695579e-07, -8.271760520983662e-07, -8.118580012705934e-07, -7.965398935994017e-07, -7.812218427716289e-07, -7.659037351004372e-07, -7.505856842726644e-07, -7.352676334448915e-07, -7.199495826171187e-07, -7.04631474945927e-07, -6.893134241181542e-07, -6.739953164469625e-07, -6.586772656191897e-07, -6.43359157947998e-07, -6.280411071202252e-07, -6.127230562924524e-07, -5.974050054646796e-07, -5.820868977934879e-07, -5.667688469657151e-07, -5.514507392945234e-07, -5.361326884667506e-07, -5.208145807955589e-07, -5.05496529967786e-07, -4.901784222965944e-07, -4.748603430471121e-07, -4.5954226379762986e-07, -4.442241845481476e-07, -4.2890610529866535e-07, -4.1358805447089253e-07, -3.982699752214103e-07, -3.82951895971928e-07, -3.6763381672244577e-07, -3.523157374729635e-07, -3.3699765822348127e-07, -3.21679578973999e-07, -3.063615281462262e-07, -2.910434204750345e-07, -2.757253696472617e-07, -2.6040729039777943e-07, -2.450892111482972e-07, -2.2977113189881493e-07, -2.1445305264933268e-07, -1.9913498761070514e-07, -1.8381690836122289e-07, -1.6849882911174063e-07, -1.531807640731131e-07, -1.3786268482363084e-07, -1.225446055741486e-07, -1.0722652632466634e-07, -9.190845418061144e-08, -7.659038203655655e-08, -6.12723027870743e-08, -4.595422353759204e-08, -3.063615139353715e-08, -1.5318079249482253e-08, 0.0]}, "gradients/module.fc2.bias": {"_type": "histogram",